country,plot_date,2015,2016,2017,2018,2019,2020,2021,2022
EU,2021-01-01,-1.016490141158577,-0.3088039397731279,-0.7692983998593306,-0.4565308048550154,-0.3417593528817098,-0.23253949162055365,-0.5879360054270921,-0.1727712508638457
EU,2021-01-02,-1.0569120926484765,-0.3684732654424816,-0.8062729809950042,-0.4806738253257614,-0.36119396927820624,-0.31506188715642036,-0.6577575585252626,-0.08520382352157352
EU,2021-01-03,-1.0587321729578214,-0.4226697283127634,-0.8753517038095793,-0.4652708541043715,-0.40119748284218604,-0.35637114200018916,-0.7250801404365737,-0.042638241172543445
EU,2021-01-04,-1.0451761102603263,-0.4897659326980053,-0.9258842081549812,-0.436282693377843,-0.44166359955835066,-0.3883935073551892,-0.7495963711847464,-0.04798848276414969
EU,2021-01-05,-1.034936356250249,-0.5475462953468901,-0.9959298756224699,-0.4180732857877567,-0.4826453070445491,-0.4159017432131762,-0.8152910647197809,-0.1226961137339555
EU,2021-01-06,-1.0359858480423756,-0.5959254371494582,-1.079442364667782,-0.43778905302858107,-0.5345165617583358,-0.45352953651890404,-0.8727570923716677,-0.2189878488449759
EU,2021-01-07,-1.0468308676845228,-0.6721015620137938,-1.1376564277588153,-0.5051074480799334,-0.6017096854510684,-0.5014831445943169,-0.9690762261177932,-0.393437357813875
EU,2021-01-08,-0.7305535040619593,-0.724683081678279,-1.1343087292454257,-0.6005937946195861,-0.6721496263515925,-0.5484822031525449,-1.0640836946576915,-0.5696474634565907
EU,2021-01-09,-0.7258761787947487,-0.7320767418377616,-1.247090123046235,-0.6657850335172522,-0.7040181573638171,-0.5432262338522675,-1.1298072090545341,-0.6864122797535344
EU,2021-01-10,-0.7089038321315688,-0.7205221666525596,-1.2700550838284363,-0.7138594316669078,-0.711126161400244,-0.5511889695597127,-1.154917549460155,-0.8544217687074696
EU,2021-01-11,-0.7058055566888433,-0.6980020491803018,-1.2937020343525285,-0.7721650676222547,-0.6757188838914407,-0.5642906180405527,-1.228066566556274,-0.990778351081345
EU,2021-01-12,-0.6923329772372311,-0.670664861030501,-1.2761020881670637,-0.8317606765918972,-0.6481243025152406,-0.5725447932102945,-1.2558313895368323,-0.7817047817047729
EU,2021-01-13,-0.6764724135790989,-0.6643727412408929,-1.2525939445458212,-0.8833756225918643,-0.6048299995679907,-0.5707607885644617,-1.282348722924076,-1.1929706925935202
EU,2021-01-14,-0.672748479546792,-0.677530390832648,-1.2406319627303986,-0.9125817768085631,-0.6172034598165843,-0.5689270444750982,-1.301143040273478,-1.2582706554317813
EU,2021-01-15,-0.6668204407724976,-0.7084731635629948,-1.2331436189304323,-0.9353395689304822,-0.7522414170128888,-0.572182344577099,-1.3009784396917468,-1.3143953495031613
EU,2021-01-16,-0.6987397352810731,-0.7510824423433649,-1.2589227774172707,-0.9538298077851892,-0.7645529458423339,-0.5858129878185347,-1.3312863252549545,-1.3493122859961626
EU,2021-01-17,-0.7482993197278964,-0.8146367521367548,-1.3144058885383725,-0.9947095106906834,-0.7682230955393998,-0.6117956983656581,-1.3603627634035775,-1.3383533841221262
EU,2021-01-18,-0.7817854694996629,-0.9110901665095872,-1.3851891315929676,-1.029328473983604,-0.8412950573915445,-0.6364872876922556,-1.3836307914187995,-1.347564247808719
EU,2021-01-19,-0.8375968741230144,-1.0168493522964228,-1.4667747163695233,-1.0698912691896156,-0.9274093463005229,-0.6739088468085908,-1.3870481239431243,-1.67422181928073
EU,2021-01-20,-0.8969195602481772,-1.1073741048344576,-1.5297310634098338,-1.1040969794522293,-1.040860019131784,-0.7120518755411087,-1.3671648708145079,-1.3369805753626562
EU,2021-01-21,-0.9357906992070064,-1.17530018740023,-1.581335783290161,-1.1215095875082626,-1.1093465902552446,-0.7598676015232897,-1.308586867144368,-1.35198280427401
EU,2021-01-22,-0.9956316384681863,-1.219712044949084,-1.63786031512545,-1.121370335125138,-1.0682616892033536,-0.8069288288772958,-1.240239954294431,-1.376827612340914
EU,2021-01-23,-1.0481992474466906,-1.2371427217139797,-1.6823881283791642,-1.1054753544023965,-1.1856591700385555,-0.8460328651228366,-1.1835032660833522,-1.415260478370839
EU,2021-01-24,-1.0887279311905806,-1.2190439623728122,-1.6965513206774419,-1.0547080483955584,-1.2260737072659733,-0.8860690258710169,-1.136696263050041,-1.4550651206599707
EU,2021-01-25,-1.1235955056179803,-1.1369157516276318,-1.7079775046865309,-1.0367101730508699,-1.2557545373472423,-0.9050273163732747,-1.1176905995558761,-1.4831416235456807
EU,2021-01-26,-1.13173486391408,-1.041871436996289,-1.7164653528289886,-1.0153375057078917,-1.2351103300136557,-0.8984425757828762,-1.1203433390722828,-1.5288882941353554
EU,2021-01-27,-1.1400079589878098,-0.9485498609455689,-1.7187211236370348,-0.9769070038804895,-1.1937126192476888,-0.891602824657689,-1.1607953971939033,-1.5322416253312432
EU,2021-01-28,-1.1484182610342786,-0.8523439458510751,-1.7080356023567722,-0.9262557890986511,-1.1731158858400481,-0.8977339305626608,-1.1999591503268014,-1.5077804230065772
EU,2021-01-29,-1.1641555081802424,-0.7635903919089748,-1.6835124190925588,-0.8906591430863142,-1.149076183244735,-0.8829811579830649,-1.19902837355933,-1.4537938765501246
EU,2021-01-30,-1.1754441239911761,-0.7032205462698671,-1.6215339711366905,-0.8986631687644908,-1.0958623514952914,-0.8312008158082085,-1.203117643981788,-1.4041448935338097
EU,2021-01-31,-1.1845203060623866,-0.6620137534640302,-1.575737596835347,-0.9321580444394351,-1.1157709433571528,-0.7916028016530463,-1.2230634828188758,-1.3736659936544493
EU,2021-02-01,-1.203683021864832,-0.6276799090767948,-1.4703419633586678,-0.9380863039399667,-1.096944786239773,-0.7138247315823465,-1.2060463121783882,-1.2940961433010378
EU,2021-02-02,-1.2459807073954887,-0.6108497309661787,-1.3529131824053353,-0.9527089072543626,-1.117052252633799,-0.6539552473999399,-1.1719385817372974,-1.2184733898744526
EU,2021-02-03,-1.2998575498575415,-0.5596819751019999,-1.2336319779462257,-0.9966392397728452,-1.1457329478530731,-0.6106749147434254,-1.103486137798515,-1.1660167966406676
EU,2021-02-04,-1.3556351640421571,-0.5707222134553658,-1.1548391598632413,-1.0886105583518657,-1.1508882149046662,-0.5525853814235537,-1.074164538692124,-1.1001100110010875
EU,2021-02-05,-1.4003919007184784,-0.5766433011506478,-1.0906780558398887,-1.2071005917159705,-1.1423718598471355,-0.5335900984935082,-1.0689935748155244,-1.0663188983928484
EU,2021-02-06,-1.4520787514242461,-0.5693457844467287,-1.0741560202697897,-1.3296597987541903,-1.1444881671562435,-0.5828375516789386,-1.0493477027793463,-1.0312875586399373
EU,2021-02-07,-1.5191847489984256,-0.5672544350199482,-1.0605678005844,-1.4538059973291384,-1.0400022425924305,-0.5882830249918758,-1.046145027228429,-0.9754377717710483
EU,2021-02-08,-1.5644624037569055,-0.5758725545598642,-1.1266270463411887,-1.570729003049065,-0.9971106452892231,-0.6366567359099018,-1.1035481535119573,-0.9573542210617902
EU,2021-02-09,-1.581005741547159,-0.5846212141716656,-1.2500921896895112,-1.6552457836603196,-0.9442060085837034,-0.6592187949233885,-1.203725398313027,-0.930659849816251
EU,2021-02-10,-1.5697658033424489,-0.6452315482834536,-1.4040852907128643,-1.6926503340757182,-0.901213171577131,-0.6573915200628333,-1.3458631014140354,-0.9394024916340782
EU,2021-02-11,-1.5690316669529913,-0.6466816462979974,-1.5225542551982718,-1.695902647420544,-0.8802611635770008,-0.6450941629382978,-1.4814147059707183,-0.9808709808709848
EU,2021-02-12,-1.562045494211406,-0.6591648739588729,-1.5845544402138367,-1.6922367814578343,-0.8469093689349005,-0.6618494083149851,-1.6348441407918024,-1.0358008960499765
EU,2021-02-13,-1.5277326320144113,-0.6746439379216485,-1.5983430380241526,-1.6711319490957832,-0.7918619135180105,-0.638849648948947,-1.8015503875968841,-1.0549487062341378
EU,2021-02-14,-1.482415076221344,-0.6876118067978498,-1.6243050039713935,-1.6211981880726034,-0.8280768885832956,-0.6259814115350482,-1.9103855505383738,-1.0578012844729923
EU,2021-02-15,-1.4468473956746775,-0.7289614410357692,-1.5784586815227541,-1.5717500432750664,-0.8048471694700687,-0.587217868505896,-1.931496265773891,-1.0648678460820293
EU,2021-02-16,-1.4371812702828057,-0.779677355334385,-1.4766201804757961,-1.5300200485385607,-0.7809888473576998,-0.5606151731248232,-1.8776260504201558,-1.0548885077186987
EU,2021-02-17,-1.4455942301662028,-0.8286661332723821,-1.3572023313905057,-1.52878982711816,-0.8514548238897413,-0.5572956042769417,-1.769704268700656,-0.9924590448123438
EU,2021-02-18,-1.4540710808488955,-0.8644038494784678,-1.2577023719084979,-1.5597794544399357,-0.6703323860126176,-0.5625909594456524,-1.6483329360078902,-0.9236156708251286
EU,2021-02-19,-1.4626113909337324,-0.8777538801371998,-1.213882714994019,-1.5771243275112257,-0.6157673767687721,-0.5308226659094029,-1.5062848436580012,-0.8747901387293311
EU,2021-02-20,-1.4875978898391207,-0.8767300023457492,-1.1985115957078518,-1.5836765256458163,-0.563256876427698,-0.49412539804543076,-1.3218956546195981,-0.8468532715279142
EU,2021-02-21,-1.5167137867952762,-0.8578612631267579,-1.086052112984448,-1.6395937155247786,-0.796173332913741,-0.48112999337894813,-1.1294000285022032,-0.8361053672570118
EU,2021-02-22,-1.543449626802662,-0.8056094286140514,-1.018284854119622,-1.7210705445544594,-0.7264306560081146,-0.48567373369997613,-0.9981622283881775,-0.829555757026279
EU,2021-02-23,-1.5299121844127295,-0.7519927808693039,-0.9750861027865931,-1.818110267207118,-0.7349416839750877,-0.4925010585429934,-0.8917522020819635,-0.8273529277323166
EU,2021-02-24,-1.518846234236737,-0.706167601151686,-0.9756538235692669,-1.9359493366467473,-0.6438113632705411,-0.49269909522531297,-0.7969444342428966,-0.838864306784648
EU,2021-02-25,-1.48567385921472,-0.6928758928026357,-0.9989508735118391,-2.06817624458433,-0.7678600356390786,-0.48163485776016035,-0.7219013771657123,-0.8459607697313243
EU,2021-02-26,-1.4434470377019615,-0.7007837713231768,-0.9721710283818741,-2.2370617696160444,-0.7444168734491274,-0.502057985435822,-0.6674870418018397,-0.8344271516969703
EU,2021-02-27,-1.4135820460507098,-0.7273965394496762,-0.9165774903456936,-2.424863387978138,-0.713815789473693,-0.5477770706427743,-0.6456941211802625,-0.8319939491349015
EU,2021-02-28,-1.3932002956393186,-0.7701421800947794,-0.9673178061607834,-2.6338816940847054,-0.41414041016464287,-0.5736487258598988,-0.6763394543943146,-0.853274859376485
EU,2021-03-01,-1.3379305175579947,-0.8903675538656564,-1.009957325746813,-2.790509571313027,-0.42917027080976444,-0.589540851713144,-0.6733366302735022,-0.870234145872395
EU,2021-03-02,-1.3142900554584669,-0.8919722497522375,-1.0106816113426342,-2.939952849812777,-0.36419526212034814,-0.6232703086118008,-0.6855610877058549,-0.8972742264040989
EU,2021-03-03,-1.30484988452656,-0.8903225806451531,-0.9629342882028435,-3.0671048244987342,-0.2917505030181067,-0.6529217663990949,-0.7481392927384034,-0.9347623941663108
EU,2021-03-04,-1.3065013065013176,-0.9015753157141093,-0.8696926760150436,-3.0658870928118698,-0.2320653818988938,-0.6336568359558981,-0.8120604577068091,-0.958403319830059
EU,2021-03-05,-1.3158934640006281,-0.9097776464019436,-0.8378924540391242,-2.94490344163415,-0.21574973031283085,-0.6187326648175562,-0.8774678784080003,-0.9676775738228227
EU,2021-03-06,-1.2813838946061695,-0.9247596950613168,-0.8449724141358916,-2.783580530603702,-0.18581081081080475,-0.6011163589523472,-0.9326588681631387,-1.0073536818777096
EU,2021-03-07,-1.2128341378331298,-0.953464253454217,-0.8471602586595961,-2.76121407467097,-0.14215603316972691,-0.5999520038396877,-0.9693633317376715,-1.0277806044570958
EU,2021-03-08,-1.1743450767841002,-0.9626427075592692,-0.8190091001010869,-2.3424120214352806,-0.12541097515508248,-0.5866731047803109,-1.0191339375629438,-1.0178901912399563
EU,2021-03-09,-1.1218215057337444,-0.9992837897752294,-0.7697012947293302,-2.0761441421055404,-0.12217470983505452,-0.5634213274400723,-1.0866026371479487,-0.9920016619923033
EU,2021-03-10,-1.0210942095974396,-1.0024803637866841,-0.7191657677094621,-1.7562102830733672,-0.12911994563371554,-0.5202100378556396,-1.0944250154289237,-0.8865341236951041
EU,2021-03-11,-0.9297389089365282,-0.9917527925670688,-0.7088529000879529,-1.517111607667887,-0.15310288513882275,-0.45909849749582454,-1.031656890885646,-0.8097808828199216
EU,2021-03-12,-0.8570449091532373,-0.9700548291859956,-0.6774361646690874,-1.3315022689276312,-0.18741268272736145,-0.37982488592922525,-0.8574671094111141,-0.7256816605303751
EU,2021-03-13,-0.8298755186722073,-0.9511641113004066,-0.6453305351521443,-1.1679273827534087,-0.22531749283080105,-0.3466118689807174,-0.8606435748505503,-0.623488309594189
EU,2021-03-14,-0.8498953974895418,-0.9065500931632386,-0.5597507524951251,-0.7653686015184902,-0.2531992061862498,-0.34036421455367893,-0.7868628121792787,-0.5192276488723002
EU,2021-03-15,-0.8923469163479747,-0.8895317302477057,-0.4991768891720927,-0.8823347936076864,-0.25384193194292193,-0.3165976965648021,-0.7025862068965605,-0.4403849290490869
EU,2021-03-16,-0.9092521955113897,-0.8829216680652396,-0.45364786251803624,-0.8217131474103523,-0.25792695508632946,-0.28009102958460597,-0.6294222337977939,-0.3604193971166403
EU,2021-03-17,-0.9175954523074403,-0.8687009975337778,-0.4128243619987315,-0.9603314084860703,-0.25169810019652905,-0.2633228840125512,-0.6203040363445766,-0.3562424641017192
EU,2021-03-18,-0.908023129743385,-0.8391816122683804,-0.3768506056527565,-1.1851194625768446,-0.25924645696507875,-0.25144581342723127,-0.6945054945054929,-0.33001485066829206
EU,2021-03-19,-0.8889901983132109,-0.8200711477251432,-0.33504458254525193,-1.4622883530015285,-0.2529890833477655,-0.24451726745652325,-0.8587110481586446,-0.3752552287401345
EU,2021-03-20,-0.8785648574056948,-0.7928717058068524,-0.28194979124871455,-1.6857589169487097,-0.24668195399905057,-0.22490081621305835,-0.8304312885079157,-0.2658837866282848
EU,2021-03-21,-0.8538679289062157,-0.7687623687014811,-0.20662280463267235,-1.9000331016219785,-0.21942809376196415,-0.18995035963933482,-0.8508914100486153,-0.1943904470980251
EU,2021-03-22,-0.8471799672361335,-0.7095190611336677,-0.20705061842751782,-2.0718045620191528,-0.18500418877408498,-0.19792433200538362,-0.8854379512327926,-0.1168614357262232
EU,2021-03-23,-0.8449773413897521,-0.6489242535439588,-0.20202020202018112,-2.2052236234580747,-0.13638748032871462,-0.21865703897689936,-0.8796041781198416,-0.07242743328319534
EU,2021-03-24,-0.8569388240894926,-0.594844679444817,-0.20790020790022457,-2.128109365090547,-0.14707942288835207,-0.23442476748628538,-0.827324828988707,0.03345227475468615
EU,2021-03-25,-0.8883553421368484,-0.5358260325406761,-0.19188596491228616,-1.936784505723943,-0.010521147506492579,-0.2783950144305547,-0.7130540150067533,0.10589677850854073
EU,2021-03-26,-0.8914728682170692,-0.47579725531828876,-0.1977478714638714,-1.6813509544787109,0.04208901827364997,-0.31502919782809835,-0.5538865940668436,0.27838093647347684
EU,2021-03-27,-0.8799374266718507,-0.4267088107467343,-0.19263580824481208,-1.5084758419834254,0.08063667917119766,-0.310886154004264,-0.44368922873595507,NA
EU,2021-03-28,-0.8236338528309295,-0.34124275851122876,-0.19300761001433964,-1.3041170672530078,0.0945841799201208,-0.30412371134020955,-0.3650673241039071,NA
EU,2021-03-29,-0.7359888607091358,-0.2986144290492265,-0.09945300845349836,-1.1292924637013368,0.13299268540227782,-0.3128069903314157,-0.19985724482511902,NA
EU,2021-03-30,-0.6713090526526688,-0.24759394592867023,-0.0055306675515898185,-0.9168609168609176,0.14679668658907907,-0.3111952490858716,-0.038144280741914116,NA
EU,2021-03-31,-0.6455843042316167,-0.28023539773409656,0.04424778761062953,-0.32936010037640795,0.07329075489477255,-0.33557919929242397,0.03815883615552185,NA
EU,2021-04-01,-0.604091578252719,-0.3412421213216166,0.24325519681558383,-0.12588512981902555,0.8858199065355565,-0.20620171225727013,0.35283459686263896,NA
EU,2021-04-02,-0.58222676200202494,-0.2860135352884541,0.36951246415175554,0.0708996376240778,0.9610066371681381,-0.16216357596839925,0.42761438684848496,NA
EU,2021-04-03,-0.5085790609267615,-0.1898759746293166,0.5000274740370347,0.30701409115956313,1.0477299185098987,-0.12574991485683196,0.5109523584235998,NA
EU,2021-04-04,-0.4853616977332553,-0.11333279365335347,0.5959540732640933,0.5886046146601931,1.0097587422065457,-0.09180809485086483,0.5695457754765654,NA
EU,2021-04-05,-0.46697452394542927,-0.03241753788800761,0.6413392032175391,0.7490052274323089,0.9627641730962644,-0.0052509976895764865,0.6131236544042018,NA
EU,2021-04-06,-0.40139707032267324,0.20267531414674966,0.6318518118485716,0.8750871215054801,0.9635511845034417,0.13128183584520947,0.48378843559566675,NA
EU,2021-04-07,-0.3716110122474747,0.4045307443365731,0.6869163893957086,0.5911254414248335,1.118899529404005,0.27008600797147064,0.35646497847323655,NA
EU,2021-04-08,-0.3257157867086913,0.5358581788879713,0.5756315957787139,0.6716019232236858,0.33195560907346433,0.27981903292451094,-0.004612971676365429,NA
EU,2021-04-09,-0.2319085015548339,0.5370095780066642,0.5935347111817535,0.12129482222729138,0.3113951149891214,0.383351588170866,-0.16607464132492034,NA
EU,2021-04-10,-0.17433567541866868,0.5261689321162333,0.621641555157515,0.17415007193155585,0.2683912691996637,0.46501961395577496,-0.24952636199806477,NA
EU,2021-04-11,-0.12171888230314565,0.5234148856021248,0.6387434554973925,0.11337868480725266,0.3095975232198178,0.5275134464212128,-0.33816648909065217,NA
EU,2021-04-12,-0.07418004556772884,0.5443572245670714,0.660701279783571,0.15855039637597823,-0.347222222222221,0.5890523716431506,-0.5252393790090237,NA
EU,2021-04-13,-0.05302508086325597,0.39624936247009135,0.692542250245487,0.17337554650986853,-0.3935991740869671,0.5830456463367995,-0.5840848558478662,NA
EU,2021-04-14,0.058358533609204066,0.3516998827666873,0.7493712467279146,0.1806004966513619,-0.8615663665219819,0.5949202959347089,-0.5828163188569269,NA
EU,2021-04-15,0.1749734888653265,0.38551401869160173,0.7743644607468569,0.25538946894012593,-0.48680083638265037,0.5787651325599663,-0.5956883509833477,NA
EU,2021-04-16,0.23818345418937792,0.4073082741766543,0.7330266417268971,0.9290477260807561,-0.47276666994975347,0.562870640265345,-0.5849900123656382,NA
EU,2021-04-17,0.2798605977400115,0.3979292226858222,0.7327110308140039,1.0244228342365158,-0.41893452086426697,0.5547226386806825,-0.6027842893364443,NA
EU,2021-04-18,0.31593912906113797,0.37711163273943527,0.6675966520526266,1.2344771842163427,-0.3014442824963659,0.5392376124446985,-0.5631226837368275,NA
EU,2021-04-19,0.3411894388745784,0.3756948437799501,0.5394437295852539,1.4444363794730242,0.5183240854570226,0.5264588843026052,-0.4646660212971887,NA
EU,2021-04-20,0.3818790541954442,0.38956574876829464,0.42333251292148155,1.6170578133943847,0.65778600469375,0.5237018095987311,-0.3258120988134494,NA
EU,2021-04-21,0.40127156183229484,0.41088073045463247,0.31861183275332383,1.753274186734255,1.2183107841849283,0.5380946557417055,-0.16587793335610668,NA
EU,2021-04-22,0.39966780857467743,0.4243549425984261,0.27851070067426154,1.8268631928586299,0.9603218375888067,0.4208733730689973,-0.019547475932157887,NA
EU,2021-04-23,0.39807682365711194,0.4187889077532425,0.2533742630219882,1.9164118246687067,1.0347376201034653,0.5717331266049674,0.092868664157563785,NA
EU,2021-04-24,0.417095777548937,0.4095281033964504,0.21385176184689492,1.9203840768153624,1.0909322222575568,0.5805270511152649,0.22463131165153527,NA
EU,2021-04-25,0.4512589097994901,0.3816651075771782,0.004849895727243592,1.851488387307798,1.0948905109488871,0.567596695006567,0.30695770804913813,NA
EU,2021-04-26,0.4951758640052928,0.20128974540574163,0.2667313288069906,1.7792908530318785,1.0705838416531943,0.5620118117736661,0.37402244134647766,NA
EU,2021-04-27,0.4876562023773179,0.1153230906588254,0.3143893591293745,1.7040075733669724,1.0253725828303972,0.5636070853462183,0.41134339914825624,NA
EU,2021-04-28,0.46506925487816986,0.02601070154577556,0.3230472516875693,1.625814458578967,0.9540065226005146,0.5416097583949675,0.4241168249072169,NA
EU,2021-04-29,0.437757874610023,-0.04457817898138039,0.3172009419906585,1.5204249862612151,0.848378721091736,0.6698519767659672,0.44152229207659044,NA
EU,2021-04-30,0.44586944541857854,-0.0594640799791879,0.37368849710155416,1.4375075183447494,0.7963356584737902,0.5281280536038269,0.30579578575180566,NA
EU,2021-05-01,0.543640897755604,-0.055780744486999545,0.42957376736194597,1.4942187963237652,0.7841040719950065,0.6248698187877322,0.2619920926023145,NA
EU,2021-05-02,0.5853464953618825,0,0.6701202414334029,1.390430566103884,0.7573748268646874,0.6324892476827992,0.2613074876472554,NA
EU,2021-05-03,0.6361887853232773,0.21580592350054495,0.5334718156925655,1.359838663209434,0.7282831237203968,0.6125154271609201,0.26536511396484386,NA
EU,2021-05-04,0.730177398804277,0.3378629241850284,0.5869922517022896,1.2676937070092986,0.7143064548912559,0.6156012902639674,0.2835672763363162,NA
EU,2021-05-05,0.8416443687667474,0.50323774283072,0.6816059757235982,1.2462108454025067,0.6890586708952151,0.6208655995303847,0.25448890145625125,NA
EU,2021-05-06,0.9407564646854327,0.6406244247266324,0.7140869887786172,1.2197826569083858,0.6614362615966041,0.6125471190091325,0.20683495510740446,NA
EU,2021-05-07,0.9893418725804182,0.7499542710810214,0.7044198895027831,1.27629272567924,0.6371782107808421,0.6110479248901735,0.31430313834031054,NA
EU,2021-05-08,0.9417889256980505,0.8424110384894767,0.6537740593425712,1.2493915300989755,0.5879193872070809,0.5231076138756618,0.364758698092027,NA
EU,2021-05-09,0.9705096347695674,0.9109894858130296,0.6177325581395277,1.3408119658119722,0.5563829488296479,0.5512557606226931,0.45662100456620447,NA
EU,2021-05-10,1.2630014858840966,0.9562890276538782,0.5823401950162621,1.3968689051710559,0.5337431884868238,0.5613911975614672,0.5797773654916183,NA
EU,2021-05-11,1.2701760821717034,0.9896440815749363,0.6014092724742959,1.5075899355375455,0.5253502334889859,0.5604378829840329,0.6640534931980691,NA
EU,2021-05-12,1.2542449626443242,0.969446680432573,0.5888913673879115,1.5312916111850816,0.5364302502419482,0.5247863989243928,0.7741994594346657,NA
EU,2021-05-13,1.2521241391646454,0.9636048526863172,0.6209251785159964,1.5031525851197935,0.5555708352815047,0.5004745879713557,0.913719429038995,NA
EU,2021-05-14,1.2763890115714105,0.9372425157923692,0.630316921585039,1.5107091387963845,0.5634419189846973,0.47222460719500425,1.0315779990089702,NA
EU,2021-05-15,1.2821071911386372,0.8979286418829391,0.6920718353044197,1.4686444411807775,0.5358065656702937,0.43368654930779904,1.0433386837881198,NA
EU,2021-05-16,1.2658772874058144,0.8629698297657251,0.7830172263789903,1.4377382158537122,0.5302456444107762,0.4041607283401749,1.0016768158150002,NA
EU,2021-05-17,1.0034440239806042,0.8121386317302193,0.8675759668508531,1.3840665873959601,0.532831001076417,0.4004152454397003,0.9218401852418179,NA
EU,2021-05-18,0.985055777730981,0.7823896035008548,0.9157430784372256,1.3229498967911368,0.5514213823009761,0.4009284659210799,0.8398268398268405,NA
EU,2021-05-19,0.9587727708533222,0.7631578947368434,0.9413560615697758,1.2871562181683505,0.5696943882440797,0.4308532997057579,0.7813170773589784,NA
EU,2021-05-20,0.9166356992444058,0.7508487855837132,0.9577819785759001,1.3165112452002248,0.595584731854526,0.4436538662760281,0.7497018231385155,NA
EU,2021-05-21,0.8673949511067258,0.754973754131294,0.9986268880289639,1.2948926186608922,0.6236349761860938,0.4625289080567363,0.7398951462878278,NA
EU,2021-05-22,0.855879608972554,0.7846920726804818,1.0175915626416066,1.2471604828292682,0.6746861924686209,0.501876853522476,0.7470516640785574,NA
EU,2021-05-23,0.8526383526383352,0.7913462458916998,1.044045676998362,1.236197263648764,0.7091277468959545,0.5096882028847949,0.7540095813372005,NA
EU,2021-05-24,0.8454298931249049,0.7977965618767069,1.0494026477235963,1.2428298279158811,0.7454024915529489,0.5071035558840364,0.7938476804763006,NA
EU,2021-05-25,0.8343878519455838,0.794622946700585,1.0824412845502618,1.257618679714989,0.7450076804915495,0.4984169134919947,0.8245139059807949,NA
EU,2021-05-26,0.8353268755637355,0.8070547176866505,1.11826767297587,1.2716714001102192,0.7826992960788814,0.4979776011707404,0.8299768094714999,NA
EU,2021-05-27,0.8439639079029115,0.7975023955982596,1.1488862837045755,1.2766313674605456,0.7841851786479781,0.4833751314618606,0.7827946576282052,NA
EU,2021-05-28,0.8523275097381378,0.769726149222616,1.1628805439653833,1.2440072739295926,0.7680760570427658,0.4669605297586754,0.7526924770788979,NA
EU,2021-05-29,0.8489483747609938,0.7425441265976884,1.1533320603398955,1.212393354288288,0.75725600218488065,0.42872883902633774,0.766938207828316,NA
EU,2021-05-30,0.8418019111178676,0.534678588690185,1.1401819760637366,1.1817375171412348,0.7688137597949618,0.2593309262103549,0.7847622052212122,NA
EU,2021-05-31,0.8385350078965237,0.5648868723896694,1.1198626301840209,1.136046557978232,0.7702841492639445,0.3939592908732692,0.7434362405603023,NA
EU,2021-06-01,0.8278330909497811,0.6662882069975229,1.1037690575510073,1.0799306321929603,0.7474095464582886,0.37061260082844605,0.788441371810289,NA
EU,2021-06-02,0.8321313658049556,0.6173572361391377,1.0953702351394812,1.044997270529513,0.7346388226509681,0.3573967301160996,0.8670520231213841,NA
EU,2021-06-03,0.8399354460093766,0.5899705014749346,1.0907252239237275,1.0071775874044953,0.7436277557266502,0.36596163305460117,0.9512893982807968,NA
EU,2021-06-04,0.851125741097758,0.5806451612903274,1.0896748838870929,0.9703915950334041,0.7689934255808994,0.36854796024385905,0.9953072963972076,NA
EU,2021-06-05,0.8547625058606956,0.5743775147238894,1.0779289627142585,0.9686329410874439,0.7678356925830965,0.36524150862320415,0.992992842957241,NA
EU,2021-06-06,0.8546702903733383,0.7479344832584278,1.0979020979021037,0.9443507588532851,0.7526353925624729,0.5098665006032732,0.9832294449391377,NA
EU,2021-06-07,0.8438818565400963,0.7078525594912621,1.0998132392612492,0.9280914726955469,0.7354135251131044,0.36400247831474,1.0067237388396988,NA
EU,2021-06-08,0.8508842867691158,0.6485899597131306,1.0467980295566282,0.9342700555412753,0.7507714983188141,0.3549656609306284,0.9785020552180335,NA
EU,2021-06-09,0.8332461736917152,0.6188610685289309,1.0325682172117379,0.9256222440872985,0.7223187345707149,0.33448673587079814,0.9005763688760826,NA
EU,2021-06-10,0.8229029804301291,0.6319828461798904,0.9985591260932125,0.9243545766383754,0.7125998547567125,0.31612829060811976,0.85326669046768,NA
EU,2021-06-11,0.812757201646086,0.6448357070763855,0.9754155469294368,0.9051554506100068,0.6872774798323489,0.3094023950037217,0.8212680094870528,NA
EU,2021-06-12,0.8096064224240695,0.6518468995487137,0.9725644816822809,0.928946248759055,0.6825862184723475,0.31225604996096834,0.8145781398125163,NA
EU,2021-06-13,0.7963556605365296,0.6697664120447255,0.9208942110572549,0.9344481135389548,0.671290121810264,0.3169782670589205,0.8149618639640366,NA
EU,2021-06-14,0.7967593987479482,0.6763072524330616,0.8899206809827698,0.9431992203814632,0.6557739015235153,0.31976084159541784,0.8221922824472205,NA
EU,2021-06-15,0.777176259590151,0.6417258328782038,0.8852668584212076,0.965417370616839,0.6536951323842244,0.32628581128231193,0.80863457255437865,NA
EU,2021-06-16,0.7645915038064777,0.697327363994038,0.8394842715494066,0.9630160844175784,0.6472703497875099,0.3327442944692782,0.8191427891642178,NA
EU,2021-06-17,0.758789860997533,0.7086656607027564,0.7979391806986813,0.9504481650600471,0.6301156294660437,0.3335144554158731,0.8091160407255105,NA
EU,2021-06-18,0.7530755997013694,0.7304347826086799,0.741756529327442,0.9515512966561612,0.6326253953908623,0.3268034883938231,0.8093104140191265,NA
EU,2021-06-19,0.7313379941364051,0.7224819379515468,0.680608835540153,0.9293063391968115,0.6179571065067391,0.3182935001116771,0.7895435244161364,NA
EU,2021-06-20,0.7132348237702368,0.7436708860759644,0.6360619469026441,0.9108845774416396,0.6120367222033352,0.31357268763336776,0.7636100322559347,NA
EU,2021-06-21,0.6954809616056323,0.7565048950316511,0.5923483252419759,0.8896275295727785,0.6083136194660277,0.3125924829831206,0.7382243418044165,NA
EU,2021-06-22,0.6906774315630138,0.7612169078485831,0.5676126878130239,0.6492248062015316,0.6004366812227158,0.32268176202681076,0.7036316472114112,NA
EU,2021-06-23,0.6890719453753746,0.7709364686468767,0.5402631896655796,0.6225730881550762,0.6072874493926905,0.32899573592117815,0.6729561773513248,NA
EU,2021-06-24,0.6719133978287273,0.7727144794411833,0.5433640539161289,0.6123425291022278,0.6056960318612692,0.33524465532086545,0.6492675750016108,NA
EU,2021-06-25,0.6674288539381346,0.76425034911769,0.5493849277439455,0.8241671157320773,0.5999876291210571,0.33595033777615857,0.6164797101909869,NA
EU,2021-06-26,0.6844900089014505,0.7786121050244343,0.5731084451835011,0.807998239381269,0.6046073126741991,0.3384648979146254,0.6063860025897538,NA
EU,2021-06-27,0.7011767575147765,0.7550943867983717,0.5787002863976154,0.7859281437125665,0.5989365819870862,0.3373231773666774,0.602731125412026,NA
EU,2021-06-28,0.717486074109952,0.7370275702905937,0.5988551298987232,0.8169327887114664,0.5933456187602548,0.3361891334996203,0.599120042437673,NA
EU,2021-06-29,0.7454386966846194,0.7168547075922627,0.6361434532667909,1.0159607120933112,0.5878326690018865,0.3332612768410348,0.6203666366822791,NA
EU,2021-06-30,0.7697586299489689,0.6970771676654053,0.6582190390582054,1.0178967518458926,0.5683865028219159,0.3088137601666041,0.644286198711419,NA
EU,2021-07-01,0.7816432272390816,0.6703910614525022,0.6654375756178998,1.0226794200806077,0.5412935323383161,0.30249333261738176,0.6493506493506551,NA
EU,2021-07-02,0.7902699844296146,0.6659267480577213,0.6724853340964287,0.8217709760019121,0.5166066268160296,0.29801206324280294,0.6573341448569581,NA
EU,2021-07-03,0.7986475457619102,0.6902833037725875,0.7589539511085652,0.8357450829838742,0.49819821593839464,0.30602259585446046,0.6681581811585513,NA
EU,2021-07-04,0.8067780926493517,0.6736491311592374,0.7645216802550259,0.8727485722653361,0.4820126969198091,0.3121840466857151,0.6787398264107791,NA
EU,2021-07-05,0.8089268810418604,0.680963752866881,0.7979170166302563,0.8448741398833004,0.4699504699504864,0.314748996516534,0.6950451928526835,NA
EU,2021-07-06,0.7967447286799656,0.6834033958807995,0.7777129683637307,0.8435538665284792,0.4638705044349045,0.30671061677036704,0.6872852233676952,NA
EU,2021-07-07,0.7735087372611194,0.681097219630522,0.7441501529642292,0.8593370828218427,0.46172868127196676,0.3110447236622571,0.6678827821584132,NA
EU,2021-07-08,0.7759755721769457,0.6973403762394526,0.771482504855947,0.8520153985507095,0.4653756658525854,0.2960653095546828,0.6546836182960813,NA
EU,2021-07-09,0.7533218435536781,0.697112619348883,0.8008687389710945,0.8813045552780174,0.4517351606913911,0.2794711009414641,0.6504253898196977,NA
EU,2021-07-10,0.744930335218652,0.6694388594406853,0.7083221115001148,0.7957043096012972,0.442081594542576,0.25953214540768155,0.6404523555376018,NA
EU,2021-07-11,0.7394221552786684,0.6604480152515579,0.7193859813334091,0.7645808606365101,0.44013583502495734,0.246699096594849,0.630643543070053,NA
EU,2021-07-12,0.731276335462816,0.647095959595978,0.6584886623121289,0.7450830000548025,0.4419847760799511,0.24609198987903813,0.6039025779803531,NA
EU,2021-07-13,0.7313650348140355,0.6451757431841898,0.6409918227380462,0.7205394529338216,0.43627884235666325,0.2558605905539135,0.5691310133929761,NA
EU,2021-07-14,0.7474882786336234,0.6499432412580219,0.6971928812937511,0.7099856923035164,0.4343837180999399,0.24658573596358924,0.5490173996283598,NA
EU,2021-07-15,0.7472609296883093,0.6523806364581386,0.6663369686873866,0.7049804321020536,0.43623347812307145,0.22361744216048418,0.5432195559040176,NA
EU,2021-07-16,0.7575557608552108,0.6415608384233495,0.6438267614738091,0.6601187148979282,0.43619489559163505,0.21796962155666844,0.5374996518784814,NA
EU,2021-07-17,0.7518600020957722,0.6396541937737421,0.6268626040489167,0.7060316788745968,0.4269081500646976,0.19694478695710949,0.5069252077562147,NA
EU,2021-07-18,0.7514495956733258,0.652942580099336,0.6152982026143672,0.6827013969120888,0.4140520049318308,0.16237373305758585,0.47405120855497085,NA
EU,2021-07-19,0.7535872819242284,0.6616379310344644,0.6495978076073827,0.6728562486960188,0.39401825312463945,0.1331012593426717,0.449869702372796,NA
EU,2021-07-20,0.7479508196721163,0.6615710707174483,0.6857430984495316,0.6605875343246304,0.38151913984776353,0.09713701431492971,0.45604740708375946,NA
EU,2021-07-21,0.7347706701922085,0.6529692019737743,0.661041139795171,0.6382376405795753,0.3691580287324747,0.08853022796533327,0.45397705648888564,NA
EU,2021-07-22,0.7218394285858576,0.6402806246434078,0.6716250839531313,0.6188466947960825,0.3569293207472013,0.09695691370834592,0.43568857738209843,NA
EU,2021-07-23,0.7116545969378718,0.6404065006508919,0.6696152800770738,0.6023330876559818,0.3610760064993501,0.0917649457907066,0.45535377485583783,NA
EU,2021-07-24,0.7041377422805972,0.6279860632993461,0.6872514849540767,0.601253031527893,0.3759669005216848,0.09168081494057567,0.4854759541882636,NA
EU,2021-07-25,0.6942728665316089,0.6199203848067603,0.6947491589878396,0.6102154587916298,0.3799351242853577,0.0814194117447542,0.5098227631859853,NA
EU,2021-07-26,0.6845785793154091,0.6016772784405822,0.7165855666109833,0.6065144140771306,0.40349217118067493,0.09660689468153905,0.5391050325322055,NA
EU,2021-07-27,0.6872349758736851,0.5898859144255697,0.7018724611205895,0.6103006847276049,0.4000924658143168,0.12021876428656153,0.5731945691795692,NA
EU,2021-07-28,0.6922257720979763,0.5823542587200636,0.716075904045832,0.6090644572668502,0.40204031029720255,0.148824623710464,0.6145764937623088,NA
EU,2021-07-29,0.6994856016537598,0.5749337004271382,0.7133546628747434,0.607828239503938,0.3439820776517388,0.17731095275086428,0.6865227492234283,NA
EU,2021-07-30,0.701787888191352,0.5575572150319008,0.6777108433734691,0.6236449121781229,0.3498347514239608,0.195539672639633,0.6792491963081959,NA
EU,2021-07-31,0.6968971484106357,0.5564674326434371,0.7105459985041307,0.6488318605495591,0.3538706795368052,0.15814532545972426,0.666941340062821,NA
EU,2021-08-01,0.6920741037169442,0.5374631738195523,0.6892870404753282,0.7047843552305588,0.33516627389369447,0.23516369072613674,0.6701967104085105,NA
EU,2021-08-02,0.6919929865575769,0.5345899497089412,0.6592140140601499,0.6711890316724922,0.3183882248551484,0.23126036901113256,0.6733578960741671,NA
EU,2021-08-03,0.6918808479023042,0.5396250196943564,0.6548968422980916,0.6762047120791648,0.31564342698577885,0.23072678938655944,0.6612821807168157,NA
EU,2021-08-04,0.6871267495215605,0.5386875612144904,0.6438109971108164,0.6787330316742279,0.2939040835379103,0.22685949723930676,0.6444009828995512,NA
EU,2021-08-05,0.6847275974992684,0.5338528981977619,0.639692585895113,0.6811797752809046,0.3533751637592175,0.22135308313222524,0.6078875906225578,NA
EU,2021-08-06,0.6868944184142523,0.5290800209306168,0.669316982233914,0.6672711631908079,0.35041310957280025,0.2258460925304684,0.6091672238317969,NA
EU,2021-08-07,0.6709135267009891,0.5262954966070321,0.6470181388188445,0.6651577440066392,0.34576607726675146,0.28664214467970517,0.6054788451598458,NA
EU,2021-08-08,0.6641983619432246,0.5407996931632963,0.6605927600807027,0.6217592805028982,0.4281595960629492,0.251127595948919,0.5871559633027434,NA
EU,2021-08-09,0.6486703372639901,0.5283537108741632,0.6628641899182997,0.6658002143329345,0.4399225464551515,0.2570905914731636,0.5715675544205379,NA
EU,2021-08-10,0.6378454996456284,0.5047055251973243,0.6563115292058663,0.6795170898548086,0.44476011702434537,0.25149995890523247,0.5755743651753242,NA
EU,2021-08-11,0.616197183098599,0.48895601283744927,0.6542056074766212,0.6816801277868878,0.4613105259613226,0.24922935659474899,0.5698759257478203,NA
EU,2021-08-12,0.6014873140857357,0.4828195156775461,0.6585908315519085,0.6815337861995285,0.4608681079269594,0.2535165194635036,0.5642558278541321,NA
EU,2021-08-13,0.5848461789324855,0.47489062558427886,0.6263943710314024,0.6835785782453252,0.44874468262574574,0.25450689289501227,0.5539573476617266,NA
EU,2021-08-14,0.5836071243299434,0.4540379605507905,0.6672635797731807,0.6767331643337426,0.4467399608064415,0.25386079966152053,0.5390835579514697,NA
EU,2021-08-15,0.5716250483517316,0.4390189685832935,0.677664598377814,0.691889998248385,0.39184564257725985,0.24834840196730212,0.555006819999071,NA
EU,2021-08-16,0.5598290598290534,0.43525571273121955,0.7004480343282715,0.695833695746706,0.37878787878788955,0.24287564766840575,0.558959726834729,NA
EU,2021-08-17,0.537588712761905,0.4296968250179001,0.7164640514684573,0.6910253088019402,0.37407711238719443,0.2503634307866376,0.5465497592855417,NA
EU,2021-08-18,0.5283736658564742,0.42602987694499994,0.7175892320135935,0.6884275542592633,0.3743175651377939,0.25134939176669757,0.5482050333086574,NA
EU,2021-08-19,0.519289393461575,0.4278639574685217,0.702180672528474,0.6837206330273071,0.40060579412770636,0.24911203612927313,0.5475166210402671,NA
EU,2021-08-20,0.5249728101731854,0.42785402200911093,0.7177327008015766,0.6727311191030205,0.4071172530128342,0.24688982942158155,0.546823163337673,NA
EU,2021-08-21,0.5347148534215362,0.4224207961007309,0.6557709877169859,0.6556274691098762,0.3941586973378097,0.2494802494802606,0.5484003094707424,NA
EU,2021-08-22,0.5380794701986824,0.40985816750254145,0.6333454354754187,0.6263048016701411,0.38939306172363075,0.25364515202757065,0.5273044107995783,NA
EU,2021-08-23,0.5413750514615234,0.40102404353976606,0.6153291108794923,0.6037344398340139,0.3542234332425176,0.2530034211154497,0.5222872579919047,NA
EU,2021-08-24,0.5384599635567033,0.3922897237923717,0.5916452518974324,0.5733022622754769,0.34339013911295346,0.23331851945906923,0.5285317566962267,NA
EU,2021-08-25,0.5335396896509526,0.3765474858350659,0.5762832699619747,0.5618323115093249,0.32788972718300613,0.22644138651803924,0.5302085189805572,NA
EU,2021-08-26,0.5246313401393587,0.35390087236564227,0.5749502825526109,0.5484982566319463,0.263358294199767,0.2180301450374289,0.5274121349111205,NA
EU,2021-08-27,0.5037580349406712,0.33149366106537403,0.5775367567885104,0.5495619727449608,0.24367859742395748,0.19863791146423893,0.5246450930253221,NA
EU,2021-08-28,0.4831886440644029,0.3233686578443029,0.5858994822283581,0.5384910150656452,0.22730142694784572,0.14946977563798924,0.5262927064602518,NA
EU,2021-08-29,0.4688934115487653,0.3135674870806682,0.5863570391872353,0.52557673019058,0.20001259921884618,0.12253939327291352,0.5257187731774637,NA
EU,2021-08-30,0.4607471252954243,0.30560212349817206,0.5752433721959216,0.5108556832694733,0.21847445106328856,0.10042208658265217,0.5207994271206218,NA
EU,2021-08-31,0.46061085301967175,0.2977071327843417,0.5681274747976861,0.49436149936468166,0.20388319061510618,0.0454581080022054,0.48571983679812636,NA
EU,2021-09-01,0.46243457042780545,0.27772956084015643,0.5516034541788617,0.482051484679058,0.24572716459023702,0.021935322135857582,0.50700352324482,NA
EU,2021-09-02,0.46030595655497386,0.2631123420460346,0.5353359564164606,0.46990818112109256,0.2669830910708937,0.04386102321500829,0.4830711354309347,NA
EU,2021-09-03,0.44844798003431663,0.26242187769760505,0.5230775020226952,0.4442270058708342,0.26471504204297336,0.05793379889145189,0.45522229312913165,NA
EU,2021-09-04,0.43868162583950987,0.26001308675138723,0.49602246139446304,0.4305726031133661,0.26867526013356624,0.09232743376679231,0.4362188717601301,NA
EU,2021-09-05,0.4367656153370536,0.26105624731642685,0.4972993108586454,0.42096686583379395,0.269504205194937,0.10943997998813515,0.4237824161922532,NA
EU,2021-09-06,0.43101789493937837,0.25523750792264543,0.48742517189612755,0.41340674200713856,0.2548774271282195,0.12181409295353163,0.40099934916335567,NA
EU,2021-09-07,0.41384067134153657,0.24262720842018748,0.4776835116193423,0.41170472690892357,0.24190317709777975,0.17937919201373997,0.39730667893438376,NA
EU,2021-09-08,0.4025949246326821,0.26590304765801154,0.6240936874759351,0.4004368401892888,0.17522556448761328,0.19774231218372407,0.34991252186953314,NA
EU,2021-09-09,0.3876779232625749,0.2685978512171783,0.6165745453218685,0.3950230907217245,0.16110966197659948,0.17559671805071897,0.3507679535076802,NA
EU,2021-09-10,0.38428774254615217,0.26279203824897124,0.6073571804122713,0.40677450626318556,0.15625478721774666,0.16753276971999131,0.343336987321341,NA
EU,2021-09-11,0.3790450328128303,0.25872127432908787,0.589274129604278,0.4108058989455321,0.14989293361884481,0.1657039319839626,0.34010099969081775,NA
EU,2021-09-12,0.373856356497404,0.256367009613756,0.5625324710224255,0.4053544494720951,0.15119582149729638,0.16852195423624483,0.33073130649137195,NA
EU,2021-09-13,0.3818222654787595,0.25739376198645747,0.5308820123634872,0.38494038118488394,0.15554233953978258,0.17441232307955357,0.31940377961139355,NA
EU,2021-09-14,0.39342183770882944,0.26512291299607416,0.4749162694263953,0.411522633744843,0.17052634784329168,0.17410865612770277,0.3102230748821322,NA
EU,2021-09-15,0.4048808573073659,0.25438053319497556,0.289246723928116,0.41728763040238537,0.18543569789180037,0.17380604475891737,0.29095200309265934,NA
EU,2021-09-16,0.416196518747336,0.25039646106332913,0.2549988569016781,0.4266844761056543,0.19722968154991527,0.16889816975800276,0.26982066055343257,NA
EU,2021-09-17,0.4255240761890766,0.24810590292232426,0.21575919169238844,0.41932981120922364,0.1983556167951317,0.14715349949416812,0.26909458775923323,NA
EU,2021-09-18,0.42922391180733044,0.24416982260313524,0.1890392256393092,0.4249369952723292,0.18889594100401919,0.14693727615024965,0.2703902498083055,NA
EU,2021-09-19,0.43104235539077607,0.23363324551375353,0.15548839078252108,0.4359613130128892,0.16591502134271074,0.13755158184318717,0.2696611124527015,NA
EU,2021-09-20,0.4219179078691404,0.2281293394167827,0.13605916829471099,0.44136421666969294,0.15509945941061254,0.12667887667887623,0.27094288122668786,NA
EU,2021-09-21,0.4129013564171835,0.23420748804221514,0.05574330209385803,0.43579314352120146,0.1518522973298131,0.12042132219562962,0.2762154480494772,NA
EU,2021-09-22,0.3949717748480408,0.33403541104455314,0.07138131550541438,0.4049754122071203,0.14561722186359205,0.11570902225876978,0.2834387911934355,NA
EU,2021-09-23,0.37904645564617034,0.33784337843378864,0.08872805720350208,0.3943388072601417,0.13041523010042244,0.11557529121930532,0.3005513425290207,NA
EU,2021-09-24,0.3525600873346635,0.34324381752504074,0.11298452981052254,0.3712671509281673,0.12725122385734977,0.13974542029953074,0.30758850611207755,NA
EU,2021-09-25,0.3352712487070697,0.3436985877408594,0.12848337529298703,0.3413030270540629,0.12110881851619126,0.1349998483147763,0.3679743604961816,NA
EU,2021-09-26,0.3163769506949743,0.3408980227914693,0.15259498170594465,0.31699107794775916,0.1329092185236469,0.12724380822539683,0.38239410245795025,NA
EU,2021-09-27,0.295889440113406,0.3397398563385723,0.16621361912843025,0.3248655269745049,0.14018970351370452,0.11346616438978607,0.39860977477568227,NA
EU,2021-09-28,0.27735085766777967,0.3369772016381223,0.2782915319862411,0.2955019995045438,0.13999344711523865,0.09369238673799796,0.40485038138080576,NA
EU,2021-09-29,0.26777535057431745,0.23300284424163653,0.2878615506601845,0.2981598772075156,0.14128494943486114,0.07397789721601544,0.42074916726726475,NA
EU,2021-09-30,0.2547614027689882,0.22284211876364424,0.27844141558239777,0.27792436235709594,0.12474938739139851,0.04676774534209116,0.4131670319864833,NA
EU,2021-10-01,0.254114018331264,0.19195393105653213,0.2742402687554657,0.2578585461689764,0.14239309393493382,0.02111104409192599,0.40760344627748246,NA
EU,2021-10-02,0.24647764220535606,0.17562065937575255,0.29229270293831267,0.2536960895809459,0.15255869066133076,0.0211065882707695,0.33476345306577837,NA
EU,2021-10-03,0.23715277172300375,0.1721252689457442,0.29825817227393525,0.24781849912738352,0.13753734212784696,0.028638610876652315,0.3183064562520155,NA
EU,2021-10-04,0.2313727536837007,0.16387443717880146,0.2922734455980569,0.22631523972007628,0.11814919289332426,0.045205912933421466,0.2981822352199126,NA
EU,2021-10-05,0.22736739794499972,0.15089904059977233,0.30497619491369754,0.2188563885221928,0.10325854464459105,0.061753498109728966,0.30110723610239365,NA
EU,2021-10-06,0.22165653627028714,0.13163946646364,0.28040066890762105,0.22011161565393955,0.09283682822240902,0.07827317337507633,0.27170298873286924,NA
EU,2021-10-07,0.22807775377968742,0.10612348338454591,0.2678255596543666,0.2196281884997875,0.08686178670276323,0.09626086694942693,0.24822829423580828,NA
EU,2021-10-08,0.22411088316927064,0.10442872739355735,0.24527097402815556,0.23295140806183223,0.05148345910006569,0.10969196093162381,0.2268216614686791,NA
EU,2021-10-09,0.221889674389808,0.08693315630583509,0.21283013808821583,0.22896689448586027,0.03528477755889714,0.10356783693319382,0.2206506364922367,NA
EU,2021-10-10,0.2145333470634725,0.0631691986987093,0.17391595177176367,0.23359670216420714,-0.007348402457318937,0.10795897558928402,0.28038086635804316,NA
EU,2021-10-11,0.20208593790138618,0.03156466020644011,0.16192845099576303,0.25532935773529,-0.0014697884974435027,0.08088191240787079,0.24582011972003048,NA
EU,2021-10-12,0.18116870908750915,-0.004733205010898356,0.12999999999998568,0.27348089906844564,0,0.06435391660930545,0.2133952304294473,NA
EU,2021-10-13,0.1467201228354531,-0.018933716215141505,0.1398182362928324,0.29489474132788907,0.004409430301599571,0.007478201043942256,0.18305439330543738,NA
EU,2021-10-14,0.10562000647349468,-0.025249735666832418,0.16289352082710096,0.30932390631905893,0.020576434103958263,-0.0164508120718998,0.1696684938658377,NA
EU,2021-10-15,0.06636829297346214,-0.025256112768534678,0.18586126783937118,0.32192477126398167,0.02938885868368768,-0.04786478199086952,0.14890646812470987,NA
EU,2021-10-16,0.02891058127274526,-0.012631246546157548,0.21036241966474467,0.33609187637222426,0.023504179336875097,-0.08380348083744105,0.12266517981600611,NA
EU,2021-10-17,0,-0.004737315836844669,0.2380204631481364,0.3315995892878121,0.06902730250115674,-0.15127233513562155,0.024131722076825568,NA
EU,2021-10-18,-0.023801832741132678,0.007895900448473547,0.2489982355754261,0.31204912257152273,0.06310907596571713,-0.142501425014252,0.025981738549485378,NA
EU,2021-10-19,-0.04591446305585167,0.014211498681482304,0.25660427015823384,0.2859914369815364,0.05866909165579415,-0.1532198705141985,0.02783034620952307,NA
EU,2021-10-20,-0.057844771853421406,0.007894155167509354,0.2526661197703062,0.26016043226657626,0.02785147832715662,-0.11885239735817121,0.06120972678202996,NA
EU,2021-10-21,-0.062985155930817,0.0015787064079786362,0.23730034040323478,0.23952494219796616,0.02198188692517089,-0.1069438168398884,0.0648796945093233,NA
EU,2021-10-22,-0.05961810346296614,-0.015786814852236652,0.21714640239023364,0.2124023032374911,0.013186233572137773,-0.08896394698351129,0.05372260610214674,NA
EU,2021-10-23,-0.049427324788653415,-0.041052199450530846,0.192238767065267,0.19042572568759297,0.008789663355890376,-0.06942348324782133,0.03703017959635346,NA
EU,2021-10-24,-0.040925600668439976,-0.0616035888039379,0.17560975609758334,0.17353650877600657,0.010253705982288253,-0.03020509257861681,0.02220988339811658,NA
EU,2021-10-25,-0.03753049352600568,-0.07428598523763208,0.17530190884300634,0.15508736038014614,0.016111314536804144,-0.016617820346254142,0,NA
EU,2021-10-26,-0.025598580132091264,-0.07275948245862862,0.15879188541059186,0.13178486121405708,0.010251003133876502,0.0015109620295161719,-0.02590577698826646,NA
EU,2021-10-27,-0.01365607183092532,-0.06648094212993172,0.14398032808102812,0.08390227852266285,0.03953553072790772,-0.007554695999023586,-0.04442141112015463,NA
EU,2021-10-28,-0.00512172636324415,-0.057021573161841754,0.11792643329078256,0.05095667039254348,0.04098360655737654,-0.013599480197634684,-0.0536997259462213,NA
EU,2021-10-29,-0.006829318263301687,-0.0522995974515883,0.11617400283980839,0.01642926380467369,0.02633581085034198,-0.01209007102916937,-0.04446503010653302,NA
EU,2021-10-30,-0.011952123209313381,-0.033298977245710404,0.09347601856628529,0.00821328252047504,0.019015300002944713,0,-0.04633834405293191,NA
EU,2021-10-31,0.003415300546438793,-0.0015861937694205963,0.0660161659098879,-0.021352780789074544,-0.03948580704603577,0.024183065808158766,-0.027815895857286055,NA
EU,2021-11-01,0.005122775861488016,-0.030138159668802178,0.03861811511416402,-0.03450032036013129,-0.03950140449439088,0.04986551421923835,-0.0018549090167185867,NA
EU,2021-11-02,-0.023905062750773087,-0.04918761106880165,0.009650801820781929,-0.016434393899533717,-0.026344676180023452,0.05739227620786824,-0.03524392506029095,NA
EU,2021-11-03,-0.04952947003467045,-0.08889876652962148,-0.011258182286044693,-0.0065748380946084595,-0.033671512436506124,0.06490664010021518,-0.09649106529846518,NA
EU,2021-11-04,-0.07005912306483619,-0.1255223477445777,-0.02412739263309982,-0.006575270408004652,-0.030753910140002283,0.049779762263924,-0.13744683222197684,NA
EU,2021-11-05,-0.08036798276362944,-0.154316077508021,-0.05952859786019227,0.009863554167366395,-0.02050891405299682,0.02412363362229719,-0.18041476797173717,NA
EU,2021-11-06,-0.08043262484168645,-0.2007616194770523,-0.08371164557777755,0.003287527122108891,-0.008791337602020999,-0.004522090411662738,-0.19192069762241637,NA
EU,2021-11-07,-0.09762447120078566,-0.2825896064500788,-0.11600554248700767,0.031230480949417938,0.04102984921530162,-0.04220808586330449,-0.22402688322598063,NA
EU,2021-11-08,-0.0977198697068471,-0.3122098049889499,-0.1596928735038805,0.01971835614635875,0.023436012362498815,-0.10104056703362785,-0.2806623631771088,NA
EU,2021-11-09,-0.07035848506169451,-0.3677946774167662,-0.1728734146538513,-0.0016428723980888016,0.001464407573914528,-0.13586341198315033,-0.2889576883385092,NA
EU,2021-11-10,-0.04636625910152681,-0.3949447077409185,-0.20230465462550695,-0.01971479266610343,-0.01903701968135607,-0.16023460765196562,-0.2860315011008474,NA
EU,2021-11-11,-0.022334850957816954,-0.4159316383175016,-0.22704052673402364,-0.011502563428411605,-0.043939948736726464,-0.1620058443229877,-0.29251354054614653,NA
EU,2021-11-12,-0.012029144899639022,-0.4501722680881559,-0.25031289111390187,-0.014790711433210202,-0.06447358780862222,-0.16075219896874993,-0.3104061778400169,NA
EU,2021-11-13,-0.017186560109994087,-0.47832829973062374,-0.2656064136616232,-0.027942143326753488,-0.0879752496297681,-0.165567943615752,-0.3265616100246782,NA
EU,2021-11-14,-0.042973785990541025,-0.4888291066566075,-0.2957226415710723,-0.055899906285450385,-0.11593607372947234,-0.16127805249144256,-0.33715570116956695,NA
EU,2021-11-15,-0.04987102321581949,-0.49123038375313843,-0.30807046292503637,-0.06251130961191231,-0.12635538185772344,-0.15087093677136343,-0.34594140020259845,NA
EU,2021-11-16,-0.061939746391159733,-0.4572110128217899,-0.32217236221377954,-0.10040986979639177,-0.14416853006944397,-0.14499389499389448,-0.36248561565016546,NA
EU,2021-11-17,-0.07230782473961472,-0.4360126476951276,-0.35124750581290165,-0.12028340748063693,-0.15616252688647192,-0.12991975544516254,-0.3715039171527046,NA
EU,2021-11-18,-0.08097444997675618,-0.42622183592966323,-0.35248560270073614,-0.178167840704746,-0.17411320309271838,-0.11937557392103226,-0.37095714672126245,NA
EU,2021-11-19,-0.08793709911029124,-0.4028670706528126,-0.3653574690691608,-0.2297178932059829,-0.19658852396015059,-0.11951824951734746,-0.3471279525268489,NA
EU,2021-11-20,-0.0897402709465922,-0.3775302108438683,-0.4117009750812528,-0.3081000496935493,-0.23103923223884992,-0.13807069219440304,-0.3463911105921813,NA
EU,2021-11-21,-0.1053667973675565,-0.33835794887410175,-0.3933186048068693,-0.37717665824803515,-0.2553254657463033,-0.1674501490152691,-0.3612646214532833,NA
EU,2021-11-22,-0.16253977036935208,-0.3021609601249309,-0.3747080469813424,-0.4419834214520524,-0.26639679728543975,-0.2092790643994591,-0.37629350893697566,NA
EU,2021-11-23,-0.23381481866361353,-0.3013740613985627,-0.37443076404115594,-0.4791261810627834,-0.2506938848598761,-0.2421008805070346,-0.39148567831287506,NA
EU,2021-11-24,-0.30553964203252626,-0.29886941968098046,-0.3690661610347368,-0.4965828367505032,-0.2363641803548311,-0.27824151363383676,-0.44634921888885293,NA
EU,2021-11-25,-0.37787103627213714,-0.3134688843591027,-0.3891248937977765,-0.5041362859704579,-0.22192898272552775,-0.3332713293650702,-0.4959628623008805,NA
EU,2021-11-26,-0.44397832546757554,-0.3264829197883068,-0.40088023063407086,-0.5219934368251966,-0.18334836188759196,-0.3841547817160951,-0.5602408437506257,NA
EU,2021-11-27,-0.5109207107240499,-0.3465158776678079,-0.39050457301407215,-0.5008033364099385,-0.1279773555361463,-0.4215456674473095,-0.6175314780655805,NA
EU,2021-11-28,-0.5435453983940741,-0.4048092725542851,-0.42986347536022596,-0.4638139247247208,-0.07688480846638202,-0.45782376920663337,-0.669786959328611,NA
EU,2021-11-29,-0.54296715581027,-0.48982994910632405,-0.4921599778959673,-0.4504426764233793,-0.054313388250193384,-0.49300655241936164,-0.7149240393208189,NA
EU,2021-11-30,-0.5352268469786536,-0.5690446682609318,-0.6021900977040584,-0.4368780555459195,-0.09208103130755596,-0.5255243371586893,-0.7405285983143939,NA
EU,2021-12-01,-0.5094079029972387,-0.6249670838965771,-0.6390111041273849,-0.4318300539787656,-0.08763314950517298,-0.5617172954823779,-0.7398705741725298,NA
EU,2021-12-02,-0.4885787945986153,-0.6624622396523505,-0.7116499736425919,-0.40921968451610446,-0.11795484446593951,-0.5968955032805257,-0.7516143097398453,NA
EU,2021-12-03,-0.4674251757373682,-0.7042253521126751,-0.7556853375807471,-0.370513450867449,-0.15594482883918293,-0.6214079881513901,-0.7782263969372982,NA
EU,2021-12-04,-0.44959772834831657,-0.7575757575757569,-0.7757052676628851,-0.35955373036995475,-0.2047129469565978,-0.6350132024428579,-0.7864386767589271,NA
EU,2021-12-05,-0.43151524016749043,-0.7940375002255751,-0.7781751523102676,-0.37677108945217697,-0.2613544848125704,-0.6390713901432976,-0.801173070384209,NA
EU,2021-12-06,-0.4186943347718186,-0.8076692194350032,-0.7697880818692271,-0.4296875000000089,-0.29403251115952544,-0.6415410110423792,-0.8140705670644177,NA
EU,2021-12-07,-0.3891050583657574,-0.797740651763279,-0.7210002737975674,-0.329897642569299,-0.27350793020198827,-0.6555915185943562,-0.833711311259433,NA
EU,2021-12-08,-0.3776658767772556,-0.7875180241801449,-0.7243978672550222,-0.30951997566778244,-0.2819188870332723,-0.6532688375804119,-0.8472545902032058,NA
EU,2021-12-09,-0.3790975990485279,-0.7732727137213957,-0.7167197570190353,-0.3140703517587995,-0.2719604197716885,-0.6625840779038161,-0.8720674808891937,NA
EU,2021-12-10,-0.39359797045216416,-0.7511313916586992,-0.7368165793057324,-0.35286704473849184,-0.271161371830031,-0.6670035371399763,-0.8797394021317517,NA
EU,2021-12-11,-0.415753694027754,-0.7151911906608799,-0.7460442740632178,-0.38302408354260464,-0.2858025644986939,-0.6714823481534071,-0.8987256874581018,NA
EU,2021-12-12,-0.43253408556651607,-0.6917579799904705,-0.8217051328170855,-0.44072038739866315,-0.292818963513819,-0.6811430912629368,-0.8910846417614193,NA
EU,2021-12-13,-0.4551893474360247,-0.6620356155971674,-0.8705114254624391,-0.40805916857944435,-0.30455590776305996,-0.6720638030904724,-0.8786106116131287,NA
EU,2021-12-14,-0.4895264116575593,-0.6529256089786717,-0.883933213934962,-0.5743552222425619,-0.3086034912718305,-0.6506541150411826,-0.8611385399682869,NA
EU,2021-12-15,-0.5186286847423949,-0.6727721713430168,-0.8859874096525999,-0.6549414967988776,-0.32519308339326036,-0.6305302027450721,-0.8385064393588437,NA
EU,2021-12-16,-0.5251657913903585,-0.7066930289920226,-0.8997882851093819,-0.7259259259259188,-0.3231169808953105,-0.5889570552147116,-0.8105582807755196,NA
EU,2021-12-17,-0.49710982658959235,-0.7432672213240843,-0.8901548869503118,-0.7629458289807656,-0.31157550198275263,-0.5518919490778318,-0.7865671290299692,NA
EU,2021-12-18,-0.4628015956004927,-0.7806137650213429,-0.9181086960860618,-0.7819695858944598,-0.2762430939226457,-0.5141752805801425,-0.7714401006432614,NA
EU,2021-12-19,-0.42799058420713854,-0.8087764253683627,-0.8903571500513685,-0.7597143019532959,-0.21844083893945987,-0.4776247081677343,-0.7870060281312652,NA
EU,2021-12-20,-0.3907547427856928,-0.8456446274319851,-0.8841283713745485,-0.7540758275743631,-0.17450069007091118,-0.46738176673889464,-0.82941531042795,NA
EU,2021-12-21,-0.3550203008846231,-0.8671049685521681,-0.8797112742484403,-0.6886336968857654,-0.1462011537177954,-0.45698247634125,-0.9019960613648959,NA
EU,2021-12-22,-0.3110113775048329,-0.8705829209699645,-0.8833812607319413,-0.6217435937166949,-0.12254316861621817,-0.44100636205899324,-0.9960745829244555,NA
EU,2021-12-23,-0.278414027328,-0.8492305143022905,-0.8140262993112213,-0.5632649879161233,-0.08285796233148401,-0.40302084089752777,-1.0383109481092223,NA
EU,2021-12-24,-0.25345029008179143,-0.8021893083206111,-0.7491582491582438,-0.4939336325682664,-0.04784231174049802,-0.3645510553753062,-1.0141479904845374,NA
EU,2021-12-25,-0.2243176178659989,-0.7307570811835529,-0.6318378424221893,-0.4254732404908479,-0.009573042312827074,-0.3658848926127889,-0.9916519099418042,NA
EU,2021-12-26,-0.21288448529702686,-0.638550638550639,-0.5270345239619223,-0.3758580443512627,-0.0047869794159938195,-0.35437552789101545,-0.978588583984874,NA
EU,2021-12-27,-0.2193201076662432,-0.5828725153190883,-0.48049078701815073,-0.35741943170312096,-0.01914883431469727,-0.3722198676960997,-0.8902077151335175,NA
EU,2021-12-28,-0.22180037965829902,-0.5562236921226704,-0.4655674102812868,-0.3666726450249902,-0.052669379937764216,-0.3976547616845849,-0.7576152043738626,NA
EU,2021-12-29,-0.24231986221812107,-0.5550156570564901,-0.4525866735962225,-0.37602256135369494,-0.09421609019194532,-0.43452425165266817,-0.5771400089194301,NA
EU,2021-12-30,-0.2629835585088114,-0.5733148019457901,-0.45029366978464047,-0.36539581200185633,-0.14385499416588177,-0.4923719646387492,-0.42745191165993734,NA
EU,2021-12-31,-0.2737409927136447,-0.6290407129128095,-0.44140462819307613,-0.3566606887379753,-0.18888159684986583,-0.5379165573340283,-0.3047407054084905,NA
